scenario,seed,algorithm,success,cost,time_ms,expanded,detour_ratio,generation_attempt,timing_repeats,time_min_ms,time_max_ms,width,height,obstacle_count,cell_count
30x20,0,UCS,1,35.62741699796952,75.26240000152029,444,1.3444308301120573,0,3,55.559299999004,79.52750000004016,30,20,10,600
30x20,0,GBFS,1,37.384776310850235,4.500000000916771,42,1.4107462758811409,0,3,3.9753000000928296,6.91470000128902,30,20,10,600
30x20,0,A*,1,35.62741699796952,39.550000001327135,264,1.3444308301120573,0,3,39.48609999861219,40.902299999288516,30,20,10,600
45x30,0,UCS,1,52.76955262170048,156.21420000024955,1002,1.3275359150113328,0,3,151.68530000119063,182.26529999992636,45,30,10,1350
45x30,0,GBFS,1,55.698484809835,10.172500000408036,56,1.4012197436436478,0,3,9.92949999999837,10.86829999985639,45,30,10,1350
45x30,0,A*,1,52.76955262170048,97.06109999933688,575,1.3275359150113328,0,3,77.69439999901806,107.18730000007781,45,30,10,1350
60x40,0,UCS,1,68.84062043356595,284.33310000036727,1771,1.298879630821999,0,3,251.7502999999124,296.4538000014727,60,40,10,2400
60x40,0,GBFS,1,74.94112549695429,14.996199999586679,88,1.4139834999425336,0,3,11.161500000525848,15.521699999226257,60,40,10,2400
60x40,0,A*,1,68.84062043356595,158.99030000036873,986,1.298879630821999,0,3,153.29580000070564,182.3739999999816,60,40,10,2400
75x50,0,UCS,1,85.9827560572969,459.27409999967495,2752,1.2978529216195758,0,3,443.3057000005647,523.4392000002117,75,50,10,3750
75x50,0,GBFS,1,93.25483399593904,14.60380000025907,110,1.4076201357877591,0,3,12.771899999279412,15.240700000504148,75,50,10,3750
75x50,0,A*,1,85.9827560572969,241.64790000031644,1520,1.2978529216195758,0,3,220.31160000005912,247.41519999952288,75,50,10,3750
90x60,0,UCS,1,102.88225099390857,663.5910000004515,3948,1.2941163647032525,0,3,662.5686999996105,712.0395000001736,90,60,10,5400
90x60,0,GBFS,1,114.74011537017762,21.616599999106256,153,1.443271891448775,0,3,15.431000001626671,24.205300000176067,90,60,10,5400
90x60,0,A*,1,102.88225099390857,354.23850000006496,2200,1.2941163647032525,0,3,341.0582999986218,404.0026000002399,90,60,10,5400
120x80,0,UCS,1,137.095454429505,1147.6354999995237,7033,1.2933533436745754,0,3,1077.5856000000203,1281.6018000012264,120,80,10,9600
120x80,0,GBFS,1,154.46803743153546,26.721300000644987,210,1.4572456361465609,0,3,23.19080000052054,28.21620000031544,120,80,10,9600
120x80,0,A*,1,137.095454429505,627.8083000015613,3870,1.2933533436745754,0,3,627.3302000008698,677.3018999992928,120,80,10,9600
30x20,1,UCS,1,38.798989873223334,52.75450000044657,454,1.464112825404654,0,3,50.984800000151154,55.52689999967697,30,20,10,600
30x20,1,GBFS,1,39.384776310850235,8.714600000530481,80,1.4862179739943484,0,3,7.041200000458048,9.41430000057153,30,20,10,600
30x20,1,A*,1,38.798989873223334,35.36849999909464,314,1.464112825404654,0,3,31.694499999503023,36.837800000284915,30,20,10,600
45x30,1,UCS,1,57.941125496954285,158.3325000010518,1022,1.4576383772818688,0,3,147.73830000012822,167.62089999974705,45,30,10,1350
45x30,1,GBFS,1,59.112698372208094,17.860699999801,134,1.4871119087347948,0,3,16.235700000834186,17.864000001281966,45,30,10,1350
45x30,1,A*,1,57.941125496954285,110.76839999986987,713,1.4576383772818688,0,3,94.19640000123763,111.43660000016098,45,30,10,1350
60x40,1,UCS,1,70.25483399593904,272.84470000086003,1837,1.3255629055837554,0,3,244.91649999981746,293.5759000010876,60,40,10,2400
60x40,1,GBFS,1,74.94112549695429,16.381600000386243,106,1.4139834999425336,0,3,11.072700001022895,20.65270000093733,60,40,10,2400
60x40,1,A*,1,70.25483399593904,174.3160000005446,1136,1.3255629055837554,0,3,171.66189999989,198.82079999842972,60,40,10,2400
75x50,1,UCS,1,87.39696961967,465.3968000002351,2832,1.3191995414289812,0,3,404.3440000004921,467.0138000001316,75,50,10,3750
75x50,1,GBFS,1,93.25483399593904,16.569899999012705,149,1.4076201357877591,0,3,15.936399999191053,23.369000000457163,75,50,10,3750
75x50,1,A*,1,87.39696961967,261.7536999987351,1738,1.3191995414289812,0,3,259.6518999998807,346.42299999904935,75,50,10,3750
90x60,1,UCS,1,103.46803743153548,682.4025000005349,4061,1.301484747566484,0,3,633.9511000005587,722.9994000008446,90,60,10,5400
90x60,1,GBFS,1,111.66904755831214,25.390699998752098,192,1.404642107651725,0,3,23.968100000274717,26.954700000715093,90,60,10,5400
90x60,1,A*,1,103.46803743153548,440.56110000019544,2444,1.301484747566484,0,3,422.47909999969124,441.4964000006876,90,60,10,5400
120x80,1,UCS,1,137.92388155425118,1245.190300000104,7263,1.30116869390803,0,3,1196.4812000005622,1267.471099999966,120,80,10,9600
120x80,1,GBFS,1,151.0538238691624,47.145399999863,295,1.425036074237381,0,3,45.91629999958968,47.85540000011679,120,80,10,9600
120x80,1,A*,1,137.92388155425118,690.683299999364,4359,1.30116869390803,0,3,670.878900000389,712.7258999989863,120,80,10,9600
30x20,2,UCS,1,35.62741699796952,76.06529999975464,449,1.3444308301120573,0,3,71.90330000048561,77.41859999987355,30,20,10,600
30x20,2,GBFS,1,36.21320343559643,16.92180000100052,86,1.366535978701752,0,3,12.756000000081258,17.784100000426406,30,20,10,600
30x20,2,A*,1,35.62741699796952,51.58140000094136,287,1.3444308301120573,0,3,41.41330000129528,53.45820000002277,30,20,10,600
45x30,2,UCS,1,52.526911934581186,159.8883000006026,1021,1.3214317467819165,0,3,156.61220000038156,165.5931999994209,45,30,10,1350
45x30,2,GBFS,1,54.2842712474619,30.169699999532895,167,1.3656420439613057,0,3,24.95959999941988,31.50879999884637,45,30,10,1350
45x30,2,A*,1,52.526911934581186,103.10819999904197,624,1.3214317467819165,0,3,83.63129999997909,107.64749999907508,45,30,10,1350
60x40,2,UCS,1,69.42640687119285,295.62950000035926,1825,1.3099322051168463,0,3,288.72640000008687,309.2476000001625,60,40,10,2400
60x40,2,GBFS,1,72.94112549695429,41.30210000039369,278,1.3762476508859298,0,3,39.12139999920328,47.79849999977159,60,40,10,2400
60x40,2,A*,1,69.42640687119285,200.1101000005292,1128,1.3099322051168463,0,3,168.85890000048676,208.21190000060597,60,40,10,2400
75x50,2,UCS,1,85.74011537017762,462.98489999935555,2828,1.2941904206819264,0,3,450.559400000202,487.6964999984921,75,50,10,3750
75x50,2,GBFS,1,92.08326112068524,58.28699999983655,413,1.3899360169160035,0,3,53.101499999684165,62.315099999977974,75,50,10,3750
75x50,2,A*,1,85.74011537017762,275.4774000004545,1707,1.2941904206819264,0,3,265.6189999997878,283.5758999990503,75,50,10,3750
90x60,2,UCS,1,102.63961030678928,685.70660000114,4052,1.2910642805885444,0,3,680.7582000001275,688.5952000011457,90,60,10,5400
90x60,2,GBFS,1,111.32590180780453,92.23999999994703,566,1.4003258089032016,0,3,82.6015999991796,99.15910000017902,90,60,10,5400
90x60,2,A*,1,102.63961030678928,377.72100000074715,2466,1.2910642805885444,0,3,374.77079999916896,416.30029999942053,90,60,10,5400
120x80,2,UCS,1,136.61017305526642,1260.1956999988033,7262,1.2887752175025133,0,3,1196.6432000008353,1260.7521999998426,120,80,10,9600
120x80,2,GBFS,1,149.0538238691624,146.51520000006713,955,1.4061681497090792,0,3,141.3289000010991,150.98849999958475,120,80,10,9600
120x80,2,A*,1,136.61017305526642,706.9381000001158,4345,1.2887752175025133,0,3,701.346799998646,746.686899999986,120,80,10,9600
30x20,3,UCS,1,41.384776310850235,72.2219999988738,442,1.561689672107556,0,3,64.76780000048166,76.477700000396,30,20,10,600
30x20,3,GBFS,1,43.97056274847714,7.751799999823561,55,1.6592665188104583,0,3,7.249500000398257,8.022300000448013,30,20,10,600
30x20,3,A*,1,41.384776310850235,39.58240000065416,278,1.561689672107556,0,3,38.09539999929257,39.61090000120748,30,20,10,600
45x30,3,UCS,1,60.2842712474619,163.36729999966337,1016,1.5165854401877208,0,3,132.8585999999632,168.97749999952794,45,30,10,1350
45x30,3,GBFS,1,64.04163056034261,7.237699999677716,79,1.6111102027759148,0,3,6.579100001545157,11.235400001169182,45,30,10,1350
45x30,3,A*,1,60.2842712474619,93.4412999995402,613,1.5165854401877208,0,3,87.20129999892379,119.2164000003686,45,30,10,1350
60x40,3,UCS,1,80.35533905932738,288.7907999993331,1787,1.5161384728174976,0,3,283.5296000012022,299.77080000026035,60,40,10,2400
60x40,3,GBFS,1,84.698484809835,24.919100000261096,147,1.5980846190534905,0,3,16.030300001148134,28.904599999805214,60,40,10,2400
60x40,3,A*,1,80.35533905932738,152.16030000010505,1086,1.5161384728174976,0,3,149.84550000008312,153.45800000068266,60,40,10,2400
75x50,3,UCS,1,99.25483399593904,441.05339999987336,2779,1.4981861735236082,0,3,415.9257000010257,484.98579999977665,75,50,10,3750
75x50,3,GBFS,1,105.59797974644667,31.337899999925867,181,1.5939317697576856,0,3,21.98080000016489,32.925800000157324,75,50,10,3750
75x50,3,A*,1,99.25483399593904,282.2568000010506,1684,1.4981861735236082,0,3,265.1759000000311,301.2745000014547,75,50,10,3750
90x60,3,UCS,1,118.74011537017762,652.978099999018,3982,1.49358635685758,0,3,649.0591999991011,694.4020999999339,90,60,10,5400
90x60,3,GBFS,1,126.84062043356595,38.292199998977594,251,1.5954795023090056,0,3,36.78749999926367,46.78239999884681,90,60,10,5400
90x60,3,A*,1,118.74011537017762,386.15720000052534,2439,1.49358635685758,0,3,364.3193000007159,415.23509999933594,90,60,10,5400
120x80,3,UCS,1,158.71067811865476,1164.7756000002119,7116,1.4972705482891957,0,3,1139.6855000002688,1268.0706000010105,120,80,10,9600
120x80,3,GBFS,1,169.9827560572969,57.780799999818555,388,1.6036109062009143,0,3,50.193099999887636,60.69250000109605,120,80,10,9600
120x80,3,A*,1,158.71067811865476,711.289000000761,4327,1.4972705482891957,0,3,694.4501000016317,759.8056000006181,120,80,10,9600
30x20,4,UCS,1,33.97056274847714,76.08840000102646,456,1.2819080282444204,0,3,74.25870000042778,80.9676999997464,30,20,10,600
30x20,4,GBFS,1,36.55634918610404,6.091900000683381,40,1.3794848749473223,0,3,5.812699999296456,6.786800000554649,30,20,10,600
30x20,4,A*,1,33.97056274847714,34.234599999763304,245,1.2819080282444204,0,3,30.690499999764143,40.44419999991078,30,20,10,600
45x30,4,UCS,1,50.2842712474619,162.11939999993774,1024,1.2650131131436957,0,3,143.26679999976477,163.53440000057162,45,30,10,1350
45x30,4,GBFS,1,54.04163056034262,8.351399999810383,57,1.3595378757318897,0,3,6.06080000034126,12.486500001614331,45,30,10,1350
45x30,4,A*,1,50.2842712474619,93.97990000070422,534,1.2650131131436957,0,3,84.81790000041656,99.81549999974959,45,30,10,1350
60x40,4,UCS,1,64.94112549695429,270.6612000001769,1820,1.2253042546595148,0,3,267.04830000016955,282.4572999998054,60,40,10,2400
60x40,4,GBFS,1,71.87005768508881,11.358800000380143,82,1.3560388242469588,0,3,9.587099999407656,13.71359999939159,60,40,10,2400
60x40,4,A*,1,64.94112549695429,120.41830000089249,849,1.2253042546595148,0,3,108.65489999923739,133.9650999998412,60,40,10,2400
75x50,4,UCS,1,81.25483399593904,461.52359999905457,2815,1.2264880603160608,0,3,435.0677000002179,474.59060000073805,75,50,10,3750
75x50,4,GBFS,1,90.18376618407356,14.652100000603241,101,1.361264395231299,0,3,12.708799999018083,17.07939999869268,75,50,10,3750
75x50,4,A*,1,81.25483399593904,214.7779000006267,1316,1.2264880603160608,0,3,203.79410000168718,264.38020000023243,75,50,10,3750
90x60,4,UCS,1,96.49747468305833,571.2582999985898,4039,1.2138047129944445,0,3,534.028700001727,604.7266000005038,90,60,10,5400
90x60,4,GBFS,1,107.18376618407356,13.692799999262206,128,1.348223474013504,0,3,11.772800000471761,14.519899999868358,90,60,10,5400
90x60,4,A*,1,96.49747468305833,296.4473000010912,1853,1.2138047129944445,0,3,285.3524000001926,327.1383999999671,90,60,10,5400
120x80,4,UCS,1,128.46803743153546,1168.15730000053,7198,1.2119626172786364,0,3,1037.154300000111,1211.3034000012703,120,80,10,9600
120x80,4,GBFS,1,144.3259018078045,23.375700000542565,173,1.3615651113943823,0,3,21.392500000729342,33.3983000000444,120,80,10,9600
120x80,4,A*,1,128.46803743153546,567.3858999998629,3219,1.2119626172786364,0,3,506.63340000028256,604.6664999994391,120,80,10,9600
30x20,5,UCS,1,33.384776310850235,79.65770000009798,451,1.2598028796547258,0,3,74.08329999998386,80.20790000045963,30,20,10,600
30x20,5,GBFS,1,38.55634918610404,6.852399999843328,50,1.4549565730605298,0,3,6.165199998577009,6.95850000010978,30,20,10,600
30x20,5,A*,1,33.384776310850235,38.410499999372405,246,1.2598028796547258,0,3,33.796499999880325,41.15939999974216,30,20,10,600
45x30,5,UCS,1,50.2842712474619,157.9781999989791,1008,1.2650131131436957,0,3,147.71590000054857,159.28750000057335,45,30,10,1350
45x30,5,GBFS,1,52.04163056034262,9.867900000244845,84,1.3092234103230846,0,3,7.9144000010273885,10.909899998296169,45,30,10,1350
45x30,5,A*,1,50.2842712474619,87.92829999947571,561,1.2650131131436957,0,3,80.19270000113465,97.70899999966787,45,30,10,1350
60x40,5,UCS,1,65.76955262170047,319.80099999964295,1791,1.240934955126424,0,3,263.31370000116294,320.45540000035544,60,40,10,2400
60x40,5,GBFS,1,75.76955262170047,21.694600000046194,123,1.4296142004094428,0,3,17.88699999997334,23.828499999581254,60,40,10,2400
60x40,5,A*,1,65.76955262170047,153.57880000010482,948,1.240934955126424,0,3,145.85710000028485,155.61669999988226,60,40,10,2400
75x50,5,UCS,1,80.66904755831214,413.67319999881147,2769,1.2176460008801833,0,3,402.5759000014659,513.51269999941,75,50,10,3750
75x50,5,GBFS,1,84.76955262170047,28.31979999973555,180,1.2795404169313278,0,3,27.527699998245225,32.572400001299684,75,50,10,3750
75x50,5,A*,1,80.66904755831214,210.6309999999212,1368,1.2176460008801833,0,3,206.2584000013885,242.41339999935008,75,50,10,3750
90x60,5,UCS,1,96.74011537017762,683.4489999982907,3980,1.2168567971091524,0,3,662.387200000012,739.0564999986964,90,60,10,5400
90x60,5,GBFS,1,102.84062043356595,37.15589999956137,238,1.2935927098561755,0,3,28.311799998846254,39.18390000035288,90,60,10,5400
90x60,5,A*,1,96.74011537017762,306.8554999990738,1992,1.2168567971091524,0,3,300.9265000000596,318.772299999182,90,60,10,5400
120x80,5,UCS,1,128.71067811865476,1060.9874999991007,7097,1.2142516803646675,0,3,1011.0924000000523,1123.4014999990904,120,80,10,9600
120x80,5,GBFS,1,138.3259018078045,54.58349999935308,365,1.3049613378094764,0,3,47.86710000007588,55.21059999955469,120,80,10,9600
120x80,5,A*,1,128.71067811865476,549.9448000009579,3462,1.2142516803646675,0,3,525.7743000001938,580.8945999997377,120,80,10,9600
30x20,6,UCS,1,37.526911934581186,59.607299999697716,434,1.4161098843238182,0,3,52.53339999944728,74.2709999994986,30,20,10,600
30x20,6,GBFS,1,39.87005768508881,6.3461999998253305,59,1.5045304786825966,0,3,6.064700000933954,6.5288000005239155,30,20,10,600
30x20,6,A*,1,37.526911934581186,43.757200000982266,285,1.4161098843238182,0,3,36.286200000176905,69.43490000048769,30,20,10,600
45x30,6,UCS,1,53.84062043356595,138.57439999992494,980,1.3544810171966277,0,3,135.8576999991783,167.9623999989417,45,30,10,1350
45x30,6,GBFS,1,59.112698372208094,12.833800001317286,86,1.4871119087347948,0,3,11.744400000679889,13.271000001623179,45,30,10,1350
45x30,6,A*,1,53.84062043356595,95.58990000004997,595,1.3544810171966277,0,3,89.52460000000428,111.4209999996092,45,30,10,1350
60x40,6,UCS,1,72.39696961967,248.315900000307,1748,1.3659805588616982,0,3,246.1432000000059,248.87689999923168,60,40,10,2400
60x40,6,GBFS,1,79.42640687119285,20.106300000406918,153,1.498611450399865,0,3,18.304299999726936,20.214099999066093,60,40,10,2400
60x40,6,A*,1,72.39696961967,163.44369999933406,1087,1.3659805588616982,0,3,149.8713000000862,176.60289999912493,60,40,10,2400
75x50,6,UCS,1,88.95331880577405,357.2309999999561,2722,1.3426916046154573,0,3,354.83340000064345,444.1337999996904,75,50,10,3750
75x50,6,GBFS,1,98.32590180780453,31.501100000241422,190,1.4841645555895022,0,3,24.598399999376852,31.82860000015353,75,50,10,3750
75x50,6,A*,1,88.95331880577405,221.91810000003898,1637,1.3426916046154573,0,3,210.81620000040857,243.5793000004196,75,50,10,3750
90x60,6,UCS,1,106.92388155425118,583.5606000000553,3916,1.3449544849591344,0,3,559.0501999995467,639.8465000002034,90,60,10,5400
90x60,6,GBFS,1,119.22539674441619,32.90749999905529,283,1.499690525086996,0,3,31.333300001278985,33.571599999049795,90,60,10,5400
90x60,6,A*,1,106.92388155425118,341.2513000002946,2376,1.3449544849591344,0,3,331.34250000148313,361.225699998613,90,60,10,5400
120x80,6,UCS,1,143.6223663640862,961.1418999993475,6990,1.354927984566851,0,3,939.1348000008293,1034.8374000004696,120,80,10,9600
120x80,6,GBFS,1,160.61017305526642,81.7165999997087,458,1.515190311842136,0,3,60.61749999935273,107.19509999944421,120,80,10,9600
120x80,6,A*,1,143.6223663640862,752.6094999993802,4318,1.354927984566851,0,3,740.0805999986915,818.413099999816,120,80,10,9600
30x20,7,UCS,1,36.21320343559643,68.30769999942277,452,1.366535978701752,0,3,66.20730000031472,71.00189999982831,30,20,10,600
30x20,7,GBFS,1,36.21320343559643,7.499899998947512,57,1.366535978701752,0,3,7.494399998904555,13.006299999688054,30,20,10,600
30x20,7,A*,1,36.21320343559643,39.18879999946512,267,1.366535978701752,0,3,38.29480000058538,47.386500000357046,30,20,10,600
45x30,7,UCS,1,54.526911934581186,159.64939999867056,1025,1.3717462121907216,0,3,159.6356999998534,161.05659999993804,45,30,10,1350
45x30,7,GBFS,1,55.112698372208094,13.793099999020342,94,1.3864829779171848,0,3,12.972299999091774,14.069900000322377,45,30,10,1350
45x30,7,A*,1,54.526911934581186,103.87929999888001,615,1.3717462121907216,0,3,102.02600000047823,108.08630000065023,45,30,10,1350
60x40,7,UCS,1,70.59797974644667,304.6045999999478,1807,1.3320373537065409,0,3,286.85009999935573,309.4500999995944,60,40,10,2400
60x40,7,GBFS,1,72.35533905932738,20.700600000054692,144,1.3651950765910825,0,3,18.87229999920237,26.379499999166,60,40,10,2400
60x40,7,A*,1,70.59797974644667,175.15330000060203,1041,1.3320373537065409,0,3,161.61680000004708,194.42960000014864,60,40,10,2400
75x50,7,UCS,1,88.32590180780453,408.9646000011271,2815,1.3332211593630872,0,3,404.49590000025637,410.9173999986524,75,50,10,3750
75x50,7,GBFS,1,91.25483399593904,28.681100000540027,201,1.3774314565424761,0,3,25.278099999923143,36.26550000080897,75,50,10,3750
75x50,7,A*,1,88.32590180780453,273.83240000017395,1631,1.3332211593630872,0,3,271.2054999992688,274.86879999923985,75,50,10,3750
90x60,7,UCS,1,104.9827560572969,521.4352000002691,4028,1.3205378120414704,0,3,505.6108000007953,560.5438000002323,90,60,10,5400
90x60,7,GBFS,1,111.32590180780453,37.76730000026873,271,1.4003258089032016,0,3,28.572900000654045,40.30609999972512,90,60,10,5400
90x60,7,A*,1,104.9827560572969,358.68289999962144,2320,1.3205378120414704,0,3,306.35240000083286,395.2915000008943,90,60,10,5400
120x80,7,UCS,1,139.78174593052023,1061.3670000002458,7191,1.3186957163256625,0,3,997.3656999991363,1066.2925999986328,120,80,10,9600
120x80,7,GBFS,1,146.46803743153546,57.14029999944614,470,1.3817739380333534,0,3,56.93310000060592,65.39949999933015,120,80,10,9600
120x80,7,A*,1,139.78174593052023,593.8302000013209,4103,1.3186957163256625,0,3,576.6872000003787,653.896399999212,120,80,10,9600
30x20,8,UCS,1,37.62741699796952,62.28510000073584,448,1.4199025282252649,0,3,61.693399999057874,64.49699999939185,30,20,10,600
30x20,8,GBFS,1,38.798989873223334,7.314599999517668,48,1.464112825404654,0,3,6.40919999932521,10.433100000227569,30,20,10,600
30x20,8,A*,1,37.62741699796952,46.09179999897606,280,1.4199025282252649,0,3,43.93320000053791,48.11110000082408,30,20,10,600
45x30,8,UCS,1,55.35533905932738,172.76229999879433,1009,1.3925871461466006,0,3,124.25719999919238,190.35559999974794,45,30,10,1350
45x30,8,GBFS,1,57.112698372208094,9.625500000765896,74,1.4367974433259898,0,3,7.846900000004098,10.491900000488386,45,30,10,1350
45x30,8,A*,1,55.35533905932738,76.50490000014543,612,1.3925871461466006,0,3,69.61259999843605,76.89290000053006,45,30,10,1350
60x40,8,UCS,1,73.66904755831214,280.6321999996726,1793,1.389982029402116,0,3,278.24560000044585,296.1182999988523,60,40,10,2400
60x40,8,GBFS,1,77.18376618407356,24.583000000347965,106,1.4562974751711992,0,3,19.91459999953804,31.146400000579888,60,40,10,2400
60x40,8,A*,1,73.66904755831214,164.6119999986695,1089,1.389982029402116,0,3,163.56890000133717,166.40170000027865,60,40,10,2400
75x50,8,UCS,1,90.5685424949238,461.2790000010136,2794,1.3670723395460196,0,3,339.3039000002318,487.5728999995772,75,50,10,3750
75x50,8,GBFS,1,96.08326112068524,15.594799999234965,137,1.4503133754065696,0,3,15.478200000870856,16.194300000279327,75,50,10,3750
75x50,8,A*,1,90.5685424949238,211.4225000004808,1660,1.3670723395460196,0,3,197.2793000004458,233.5867000001599,75,50,10,3750
90x60,8,UCS,1,108.88225099390857,685.492599999634,3990,1.36958806281646,0,3,647.4935999995068,692.4592000013945,90,60,10,5400
90x60,8,GBFS,1,116.15432893255071,28.531099998872378,177,1.4610607412899461,0,3,22.28300000024319,29.898300001150346,90,60,10,5400
90x60,8,A*,1,108.88225099390857,398.7848999986454,2414,1.36958806281646,0,3,389.6187000009377,426.9803999995929,90,60,10,5400
120x80,8,UCS,1,143.6812408671319,1037.9049000002851,7121,1.3554834044069046,0,3,981.8085000006249,1097.3088999999163,120,80,10,9600
120x80,8,GBFS,1,154.46803743153546,30.93789999911678,259,1.4572456361465609,0,3,30.512900000758236,31.48970000074769,120,80,10,9600
120x80,8,A*,1,143.6812408671319,610.2545999983704,4203,1.3554834044069046,0,3,604.8960000007355,726.700899998832,120,80,10,9600
30x20,9,UCS,1,40.21320343559643,59.563799999523326,447,1.517479374928167,0,3,53.39979999916977,66.0081000005448,30,20,10,600
30x20,9,GBFS,1,41.62741699796952,10.179699998843716,95,1.57084592445168,0,3,9.963799999241019,10.663400000339607,30,20,10,600
30x20,9,A*,1,40.21320343559643,32.637700000123004,289,1.517479374928167,0,3,31.43850000014936,36.93490000114252,30,20,10,600
45x30,9,UCS,1,55.35533905932738,138.06880000083765,1004,1.3925871461466006,0,3,136.11259999925096,143.95449999938137,45,30,10,1350
45x30,9,GBFS,1,57.698484809835,9.32239999929152,82,1.4515342090524528,0,3,8.300400000734953,9.94910000008531,45,30,10,1350
45x30,9,A*,1,55.35533905932738,80.255799999577,592,1.3925871461466006,0,3,74.59659999949508,82.96390000032261,45,30,10,1350
60x40,9,UCS,1,67.2842712474619,300.9316999996372,1789,1.2695145518389037,0,3,233.55179999998654,336.68930000021646,60,40,10,2400
60x40,9,GBFS,1,74.698484809835,7.864600000175415,81,1.4094053737704715,0,3,6.927700000233017,10.826300000189804,60,40,10,2400
60x40,9,A*,1,67.2842712474619,126.44780000118772,958,1.2695145518389037,0,3,124.24140000075568,127.2393999988708,60,40,10,2400
75x50,9,UCS,1,83.59797974644667,412.9425999999512,2778,1.2618562980595724,0,3,406.8041999998968,461.9767000003776,75,50,10,3750
75x50,9,GBFS,1,89.01219330881976,25.26450000004843,183,1.3435802763595435,0,3,23.15679999992426,26.595400000587688,75,50,10,3750
75x50,9,A*,1,83.59797974644667,246.28950000078476,1464,1.2618562980595724,0,3,206.49610000145913,262.9454000016267,75,50,10,3750
90x60,9,UCS,1,99.42640687119285,570.9318000008352,3980,1.2506466273106018,0,3,560.5077000000165,592.694400000255,90,60,10,5400
90x60,9,GBFS,1,110.84062043356595,17.155800000182353,128,1.3942216406737855,0,3,15.213399999993271,19.30719999836583,90,60,10,5400
90x60,9,A*,1,99.42640687119285,276.55109999977867,2067,1.2506466273106018,0,3,274.0697999997792,309.54879999990226,90,60,10,5400
120x80,9,UCS,1,132.5685424949238,988.7816999998904,7088,1.2506466273106018,0,3,949.8339999991003,1053.6338000001706,120,80,10,9600
120x80,9,GBFS,1,147.1543289325507,20.489299999098876,177,1.3882483861561385,0,3,18.549000000348315,26.90009999969334,120,80,10,9600
120x80,9,A*,1,132.5685424949238,588.9866999987134,3612,1.2506466273106018,0,3,544.2373000005318,610.6493999996019,120,80,10,9600
