scenario,seed,algorithm,success,cost,time_ms,expanded,detour_ratio,generation_attempt,timing_repeats,time_min_ms,time_max_ms,width,height,obstacle_count,density
4,0,Brute Force,1,53.0,106.49850000118022,12721,1.0,0,3,102.33019999941462,130.69529999847873,60,40,4,4
4,0,UCS,1,53.0,171.1743000014394,2033,1.0,0,3,169.32389999783481,192.5295000000915,60,40,4,4
4,0,GBFS,1,53.0,4.061899999214802,54,1.0,0,3,3.50810000236379,5.794299999251962,60,40,4,4
4,0,A*,1,53.0,3.8516999993589707,54,1.0,0,3,3.451900000072783,5.203699998673983,60,40,4,4
4,0,RRT*,1,54.21166727460838,161.13949999999022,642,1.022861646690724,0,3,138.32629999888013,165.50269999788725,60,40,4,4
8,0,Brute Force,1,53.0,167.82600000078673,12721,1.0,0,3,165.2247999991232,186.08300000050804,60,40,8,8
8,0,UCS,1,53.0,393.8897999978508,1950,1.0,0,3,387.56219999777386,500.35749999733525,60,40,8,8
8,0,GBFS,1,53.0,13.221300003351644,54,1.0,0,3,8.80949999918812,17.910300000949064,60,40,8,8
8,0,A*,1,53.0,11.699800001224503,54,1.0,0,3,10.068100000353297,13.039600002230145,60,40,8,8
8,0,RRT*,1,54.21166727460838,397.175199999765,620,1.022861646690724,0,3,353.4268000003067,428.8910999966902,60,40,8,8
12,0,Brute Force,1,53.0,198.38679999884334,12721,1.0,0,3,174.7551000007661,230.79719999805093,60,40,12,12
12,0,UCS,1,53.0,564.6811000005982,1888,1.0,0,3,517.9962000001979,645.6599999983155,60,40,12,12
12,0,GBFS,1,53.0,16.04829999996582,54,1.0,0,3,14.886299999488983,20.67479999823263,60,40,12,12
12,0,A*,1,53.0,15.042300001368858,54,1.0,0,3,12.412899999617366,16.047699999035103,60,40,12,12
12,0,RRT*,1,54.21166727460838,474.4210999997449,586,1.022861646690724,0,3,373.5923000022012,482.61299999649054,60,40,12,12
16,0,Brute Force,1,53.05469426933388,247.77780000295024,12721,1.0010319673459223,0,3,210.08829999846057,268.68050000121,60,40,16,16
16,0,UCS,1,53.82842712474619,721.9292999980098,1826,1.0156307004669092,0,3,613.7985999994271,758.6239000011119,60,40,16,16
16,0,GBFS,1,53.82842712474619,16.461099996377015,54,1.0156307004669092,0,3,14.24109999788925,17.924200001289137,60,40,16,16
16,0,A*,1,53.82842712474619,40.07880000062869,137,1.0156307004669092,0,3,36.78410000065924,40.55619999780902,60,40,16,16
16,0,RRT*,1,56.74439022882158,586.9658999981766,543,1.0706488722419165,0,3,562.885199997254,630.1743000003626,60,40,16,16
20,0,Brute Force,1,53.242284903258565,221.1829999978363,12721,1.0045714132690295,0,3,199.88300000113668,228.8442999997642,60,40,20,20
20,0,UCS,1,54.65685424949238,816.915199997311,1819,1.0312614009338186,0,3,803.0609999987064,821.5973999976995,60,40,20,20
20,0,GBFS,1,54.65685424949238,27.52619999955641,54,1.0312614009338186,0,3,24.5046000018192,36.82669999761856,60,40,20,20
20,0,A*,1,54.65685424949238,121.68029999884311,247,1.0312614009338186,0,3,107.69299999810755,137.05720000143629,60,40,20,20
20,0,RRT*,1,58.43180856294957,396.25709999745595,488,1.1024869540179165,0,3,376.0523999990255,549.613600000157,60,40,20,20
24,0,Brute Force,1,53.43693324054978,209.9969000009878,12721,1.0082440234065995,0,3,160.7460999985051,253.45540000125766,60,40,24,24
24,0,UCS,1,55.48528137423857,1023.5155000009399,1810,1.0468921014007277,0,3,816.5116000018315,1046.807099999569,60,40,24,24
24,0,GBFS,1,55.48528137423857,30.557099998986814,54,1.0468921014007277,0,3,27.43700000064564,32.13260000120499,60,40,24,24
24,0,A*,1,55.48528137423857,224.58630000255653,385,1.0468921014007277,0,3,185.7263999991119,249.79479999819887,60,40,24,24
24,0,RRT*,1,58.43180856294957,544.3029000016395,476,1.1024869540179165,0,3,392.4919000019145,593.4566999967501,60,40,24,24
4,1,Brute Force,1,53.302115702811946,212.0563000025868,12721,1.0057002962794708,0,3,191.84799999857205,214.02410000155214,60,40,4,4
4,1,UCS,1,54.65685424949238,305.5034999997588,2078,1.0312614009338186,0,3,299.0081999996619,384.7064999972645,60,40,4,4
4,1,GBFS,1,54.65685424949238,6.418499997380422,54,1.0312614009338186,0,3,5.408400000305846,6.825699998444179,60,40,4,4
4,1,A*,1,54.65685424949238,31.236700000590645,293,1.0312614009338186,0,3,29.526800000894582,31.455299998924602,60,40,4,4
4,1,RRT*,1,57.45689036860025,339.8282999987714,634,1.084092271105665,0,3,326.4345999996294,340.91710000211606,60,40,4,4
8,1,Brute Force,1,53.441041232805105,187.96239999937825,12721,1.008321532694436,0,3,144.56629999767756,195.15339999998105,60,40,8,8
8,1,UCS,1,55.48528137423857,440.98170000143,2033,1.0468921014007277,0,3,422.1959999995306,541.7144000020926,60,40,8,8
8,1,GBFS,1,57.14213562373095,8.414299998548813,54,1.0781535023345463,0,3,8.057600000029197,9.720699999888893,60,40,8,8
8,1,A*,1,55.48528137423857,62.820800001645694,405,1.0468921014007277,0,3,60.39990000135731,68.95450000229175,60,40,8,8
8,1,RRT*,1,58.416492036532745,502.2777000012866,615,1.102197962953448,0,3,397.2993999996106,513.1886999988637,60,40,8,8
12,1,Brute Force,1,55.95489581111856,167.24000000249362,12721,1.0557527511531803,0,3,108.3476999992854,207.01420000114013,60,40,12,12
12,1,UCS,1,56.31370849898476,535.5225000021164,1980,1.062522801867637,0,3,521.6057999969053,578.8949999987381,60,40,12,12
12,1,GBFS,1,59.62741699796952,30.017400000360794,54,1.1250456037352738,0,3,22.9564000001119,30.310400001326343,60,40,12,12
12,1,A*,1,56.31370849898476,138.12630000029458,458,1.062522801867637,0,3,99.04760000063106,156.57830000054673,60,40,12,12
12,1,RRT*,1,60.61907302485268,501.98140000065905,567,1.1437560948085412,0,3,402.5063000008231,540.8088000003772,60,40,12,12
16,1,Brute Force,0,nan,87.48259999993024,12721,nan,0,3,77.2499999984575,113.13810000137892,60,40,16,16
16,1,UCS,1,56.31370849898476,873.4670000012557,1848,1.062522801867637,0,3,672.7357999989181,976.1752000013075,60,40,16,16
16,1,GBFS,1,62.698484809835,15.417300000990508,55,1.1829902794308491,0,3,14.36190000094939,31.846999998379033,60,40,16,16
16,1,A*,1,56.31370849898476,154.33779999875696,303,1.062522801867637,0,3,121.96599999879254,162.59510000236332,60,40,16,16
16,1,RRT*,1,56.496153289642855,570.2567000007548,555,1.0659651564083557,0,3,420.72600000028615,640.1039999982459,60,40,16,16
20,1,Brute Force,0,nan,111.4250999999058,12721,nan,0,3,77.27069999964442,124.91890000092098,60,40,20,20
20,1,UCS,1,59.62741699796952,969.3795000021055,1871,1.1250456037352738,0,3,788.3470000015222,976.1035999981686,60,40,20,20
20,1,GBFS,1,68.11269837220809,24.009900000237394,72,1.285145252305813,0,3,20.605699999578064,38.892199998372234,60,40,20,20
20,1,A*,1,59.62741699796952,302.41449999812176,584,1.1250456037352738,0,3,258.7485000003653,314.09659999917494,60,40,20,20
20,1,RRT*,1,58.486308464962505,515.5180000001565,535,1.1035152540558963,0,3,492.97580000347807,832.6039999992645,60,40,20,20
24,1,Brute Force,0,nan,90.26869999797782,12721,nan,0,3,79.55170000059297,123.37470000056783,60,40,24,24
24,1,UCS,1,59.62741699796952,922.5595999996585,1803,1.1250456037352738,0,3,844.5179000009375,1104.7668999999587,60,40,24,24
24,1,GBFS,1,69.76955262170047,49.78290000144625,74,1.3164066532396315,0,3,32.84210000128951,53.427400001965,60,40,24,24
24,1,A*,1,59.62741699796952,337.0260999981838,521,1.1250456037352738,0,3,305.05489999995916,357.12489999787067,60,40,24,24
24,1,RRT*,1,64.86515459006776,536.6858000015782,486,1.2238708413220332,0,3,390.6386999988172,642.9295999987517,60,40,24,24
4,2,Brute Force,1,53.089262824821525,188.81469999905676,12721,1.0016842042419156,0,3,181.72670000058133,216.99989999979152,60,40,4,4
4,2,UCS,1,53.82842712474619,239.28199999863864,2068,1.0156307004669092,0,3,206.6826999980549,256.88609999997425,60,40,4,4
4,2,GBFS,1,53.82842712474619,11.085300000559073,54,1.0156307004669092,0,3,7.972300001711119,13.340000001335284,60,40,4,4
4,2,A*,1,53.82842712474619,28.055299997504335,141,1.0156307004669092,0,3,20.93299999978626,31.937600000674138,60,40,4,4
4,2,RRT*,1,56.63150054072835,354.702399999951,635,1.06851887812695,0,3,319.810699998925,373.8474999991013,60,40,4,4
8,2,Brute Force,1,53.30321196762647,105.48679999919841,12721,1.0057209805212541,0,3,91.19360000113375,110.51629999928991,60,40,8,8
8,2,UCS,1,54.65685424949238,499.493799998163,2040,1.0312614009338186,0,3,334.9357000006421,539.5109999990382,60,40,8,8
8,2,GBFS,1,55.48528137423857,8.919500000047265,54,1.0468921014007277,0,3,8.81419999859645,9.46029999977327,60,40,8,8
8,2,A*,1,54.65685424949238,42.600900000252295,226,1.0312614009338186,0,3,38.74970000106259,51.60590000014054,60,40,8,8
8,2,RRT*,1,55.24047419825737,405.9037000006356,613,1.0422730980803276,0,3,395.01559999916935,437.8011999979208,60,40,8,8
12,2,Brute Force,1,55.98219218170513,108.78009999942151,12721,1.0562677770133044,0,3,85.84919999702834,140.46400000006543,60,40,12,12
12,2,UCS,1,57.14213562373095,604.0094999989378,2005,1.0781535023345463,0,3,461.12449999782257,682.7302999990934,60,40,12,12
12,2,GBFS,1,57.14213562373095,12.291399998503039,54,1.0781535023345463,0,3,7.773500001349021,12.631400000827853,60,40,12,12
12,2,A*,1,57.14213562373095,191.9051999975636,536,1.0781535023345463,0,3,167.39529999904335,192.32910000209813,60,40,12,12
12,2,RRT*,1,55.187130271100905,512.999900001887,586,1.0412666088886964,0,3,498.13060000087717,562.1609999980137,60,40,12,12
16,2,Brute Force,1,55.98219218170513,80.43980000002193,12721,1.0562677770133044,0,3,78.46770000105607,84.76949999749195,60,40,16,16
16,2,UCS,1,57.14213562373095,722.5177000000258,1940,1.0781535023345463,0,3,690.0210000021616,820.7145999986096,60,40,16,16
16,2,GBFS,1,57.14213562373095,17.27039999968838,54,1.0781535023345463,0,3,16.81530000132625,17.317700003331993,60,40,16,16
16,2,A*,1,57.14213562373095,160.10720000122092,527,1.0781535023345463,0,3,148.84560000064084,207.7078000002075,60,40,16,16
16,2,RRT*,1,55.187130271100905,656.7911000020104,571,1.0412666088886964,0,3,615.4578000023321,724.7541999968234,60,40,16,16
20,2,Brute Force,0,nan,108.65980000016862,12721,nan,0,3,108.5737000030349,125.24979999943753,60,40,20,20
20,2,UCS,1,57.14213562373095,908.5645000013756,1883,1.0781535023345463,0,3,786.3622000004398,984.0084999996179,60,40,20,20
20,2,GBFS,1,58.798989873223334,15.594899999996414,54,1.109414903268365,0,3,13.500299999577692,19.47459999792045,60,40,20,20
20,2,A*,1,57.14213562373095,302.50969999906374,511,1.0781535023345463,0,3,259.3912000011187,308.263299997634,60,40,20,20
20,2,RRT*,1,56.25967127916353,672.0759999989241,539,1.0615032316823307,0,3,665.18619999988,733.3409999992,60,40,20,20
24,2,Brute Force,0,nan,119.89320000066073,12721,nan,0,3,100.53619999962393,122.57110000064131,60,40,24,24
24,2,UCS,1,57.97056274847714,942.1467000029224,1816,1.0937842028014555,0,3,863.2649999999558,1029.2360999992525,60,40,24,24
24,2,GBFS,1,58.798989873223334,23.385799999232404,54,1.109414903268365,0,3,21.626599998853635,24.21659999890835,60,40,24,24
24,2,A*,1,57.97056274847714,258.3909999993921,528,1.0937842028014555,0,3,230.62999999820022,426.829899999575,60,40,24,24
24,2,RRT*,1,56.906472784906605,742.9384999995818,534,1.0737070336774832,0,3,617.6459999987856,803.8575999999011,60,40,24,24
4,3,Brute Force,1,53.0,133.91029999911552,12721,1.0,0,3,126.26970000201254,180.9787000020151,60,40,4,4
4,3,UCS,1,53.0,284.5441999998002,2001,1.0,0,3,218.79039999839733,319.25499999852036,60,40,4,4
4,3,GBFS,1,53.0,8.538699999917299,54,1.0,0,3,6.1051000011502765,12.287900000956142,60,40,4,4
4,3,A*,1,53.0,14.728100002685096,54,1.0,0,3,8.788099999947008,14.75409999693511,60,40,4,4
4,3,RRT*,1,54.2881183908436,340.34819999942556,635,1.0243041205819547,0,3,316.1782999995921,376.6851000000315,60,40,4,4
8,3,Brute Force,1,53.0,206.81840000179363,12721,1.0,0,3,134.52300000062678,260.591199999908,60,40,8,8
8,3,UCS,1,53.0,320.24900000033085,1927,1.0,0,3,319.0632999976515,506.2882999991416,60,40,8,8
8,3,GBFS,1,53.0,18.79489999919315,54,1.0,0,3,17.06429999831016,22.170300002471777,60,40,8,8
8,3,A*,1,53.0,9.598399999958929,54,1.0,0,3,7.939600000099745,11.53600000179722,60,40,8,8
8,3,RRT*,1,54.2881183908436,509.6951000014087,617,1.0243041205819547,0,3,475.68300000057206,543.5767999988457,60,40,8,8
12,3,Brute Force,1,53.285996876302285,178.18090000218945,12721,1.0053961674774017,0,3,146.66189999843482,196.49030000073253,60,40,12,12
12,3,UCS,1,54.65685424949238,656.6363999991154,1908,1.0312614009338186,0,3,603.3461000006355,697.1024000013131,60,40,12,12
12,3,GBFS,1,54.65685424949238,23.722000001725974,55,1.0312614009338186,0,3,19.736400001420407,30.423899999732384,60,40,12,12
12,3,A*,1,54.65685424949238,96.5942000002542,249,1.0312614009338186,0,3,91.54470000066794,101.91420000046492,60,40,12,12
12,3,RRT*,1,56.34478943893578,567.1548999998777,575,1.0631092346969016,0,3,381.3644000001659,607.0368000000599,60,40,12,12
16,3,Brute Force,1,53.49256508910972,188.20950000008452,12721,1.0092936809265984,0,3,146.1665000024368,191.69999999940046,60,40,16,16
16,3,UCS,1,55.48528137423857,639.1306999976223,1869,1.0468921014007277,0,3,551.7895999983011,784.9648999981582,60,40,16,16
16,3,GBFS,1,56.31370849898476,16.610699996817857,55,1.062522801867637,0,3,14.137699999992037,20.4353999979503,60,40,16,16
16,3,A*,1,55.48528137423857,173.00360000081128,389,1.0468921014007277,0,3,134.0154999998049,206.86360000036075,60,40,16,16
16,3,RRT*,1,55.52751441289866,643.2942999999796,563,1.047688951186767,0,3,629.6775000009802,769.4733000025735,60,40,16,16
20,3,Brute Force,1,53.5636553089102,133.9573000004748,12721,1.0106350058284943,0,3,119.51039999985369,155.48069999931613,60,40,20,20
20,3,UCS,1,55.48528137423857,922.4694000004092,1810,1.0468921014007277,0,3,828.0424000004132,923.0815999981132,60,40,20,20
20,3,GBFS,1,56.31370849898476,19.441599997662706,55,1.062522801867637,0,3,18.430799998895964,20.121900000958703,60,40,20,20
20,3,A*,1,55.48528137423857,149.21729999696254,389,1.0468921014007277,0,3,128.6013000026287,161.3379000009445,60,40,20,20
20,3,RRT*,1,55.52751441289866,760.9489999995276,543,1.047688951186767,0,3,725.5852999987837,828.26230000137,60,40,20,20
24,3,Brute Force,1,53.69415190384437,122.72160000065924,12721,1.0130972057329126,0,3,113.5160999983782,128.74480000027688,60,40,24,24
24,3,UCS,1,55.48528137423857,1025.1754999990226,1734,1.0468921014007277,0,3,958.0818000031286,1069.2434999982652,60,40,24,24
24,3,GBFS,1,56.31370849898476,21.17059999727644,55,1.062522801867637,0,3,20.208199999615317,22.31180000308086,60,40,24,24
24,3,A*,1,55.48528137423857,174.19589999917662,358,1.0468921014007277,0,3,150.7508000031521,206.66609999898355,60,40,24,24
24,3,RRT*,1,57.386519852303486,775.7414999978209,507,1.0827645255151601,0,3,707.5987999996869,880.2295999994385,60,40,24,24
4,4,Brute Force,1,53.0,183.84850000074948,12721,1.0,0,3,175.1743000022543,220.6396000001405,60,40,4,4
4,4,UCS,1,53.0,310.54390000281273,2028,1.0,0,3,267.74139999906765,363.55550000007497,60,40,4,4
4,4,GBFS,1,53.0,14.6160999975109,54,1.0,0,3,13.766299998678733,16.741499999625375,60,40,4,4
4,4,A*,1,53.0,9.55949999843142,54,1.0,0,3,7.385000000795117,15.471899998374283,60,40,4,4
4,4,RRT*,1,56.535778406635124,353.36479999750736,627,1.066712800125191,0,3,297.7404999983264,386.97209999736515,60,40,4,4
8,4,Brute Force,1,53.6612437050529,119.85310000090976,12721,1.0124762963217528,0,3,111.88430000038352,124.47760000213748,60,40,8,8
8,4,UCS,1,55.48528137423857,548.1211999976949,2035,1.0468921014007277,0,3,531.6173999999592,620.8961000011186,60,40,8,8
8,4,GBFS,1,55.48528137423857,11.225899997953093,56,1.0468921014007277,0,3,8.368300001166062,11.369300002115779,60,40,8,8
8,4,A*,1,55.48528137423857,61.52800000199932,328,1.0468921014007277,0,3,58.93049999940558,73.19119999738177,60,40,8,8
8,4,RRT*,1,57.517529751823076,383.2016000014846,602,1.0852364104117562,0,3,332.29879999998957,522.7075000002515,60,40,8,8
12,4,Brute Force,1,53.6612437050529,208.74339999863878,12721,1.0124762963217528,0,3,151.85890000066138,241.63140000018757,60,40,12,12
12,4,UCS,1,55.48528137423857,606.4456999993126,1973,1.0468921014007277,0,3,588.3140000005369,738.7023000010231,60,40,12,12
12,4,GBFS,1,55.48528137423857,13.138799997250317,56,1.0468921014007277,0,3,13.118700000632089,17.539600001327926,60,40,12,12
12,4,A*,1,55.48528137423857,67.92779999886989,282,1.0468921014007277,0,3,60.79739999768208,75.70430000123451,60,40,12,12
12,4,RRT*,1,60.19116950634032,603.3825999984401,583,1.1356824435158552,0,3,526.109099999303,666.1502000024484,60,40,12,12
16,4,Brute Force,1,53.6612437050529,166.78939999837894,12721,1.0124762963217528,0,3,152.35150000080466,228.5435999983747,60,40,16,16
16,4,UCS,1,55.48528137423857,703.2586999994237,1904,1.0468921014007277,0,3,616.2012999993749,707.1006999976817,60,40,16,16
16,4,GBFS,1,55.48528137423857,16.233199999987846,56,1.0468921014007277,0,3,13.705599998502294,19.71910000065691,60,40,16,16
16,4,A*,1,55.48528137423857,110.03980000168667,282,1.0468921014007277,0,3,109.47689999738941,115.43290000190609,60,40,16,16
16,4,RRT*,1,59.801597762862464,632.5294000016584,561,1.1283320332615558,0,3,443.1789000009303,645.52150000236,60,40,16,16
20,4,Brute Force,1,53.6612437050529,185.75119999877643,12721,1.0124762963217528,0,3,180.22619999828748,294.62770000100136,60,40,20,20
20,4,UCS,1,55.48528137423857,1071.7992999998387,1848,1.0468921014007277,0,3,948.3063999978185,1128.5274000001664,60,40,20,20
20,4,GBFS,1,55.48528137423857,21.485600002051797,56,1.0468921014007277,0,3,17.684800001006806,23.078000001987675,60,40,20,20
20,4,A*,1,55.48528137423857,94.24029999718186,282,1.0468921014007277,0,3,91.77389999968,110.09460000059335,60,40,20,20
20,4,RRT*,1,59.959892728147594,635.5683000001591,544,1.1313187307197659,0,3,571.1983000001055,701.3011999988521,60,40,20,20
24,4,Brute Force,1,53.6612437050529,99.4529000017792,12721,1.0124762963217528,0,3,97.3872000031406,107.86430000007385,60,40,24,24
24,4,UCS,1,55.48528137423857,561.2957999983337,1788,1.0468921014007277,0,3,529.8375999991549,728.5510000001523,60,40,24,24
24,4,GBFS,1,55.48528137423857,24.094000000332016,56,1.0468921014007277,0,3,22.99979999952484,27.31820000190055,60,40,24,24
24,4,A*,1,55.48528137423857,92.88309999828925,279,1.0468921014007277,0,3,82.40599999771803,110.72930000227643,60,40,24,24
24,4,RRT*,1,57.75237974029443,479.18810000192025,519,1.0896675422697062,0,3,450.45610000306624,488.1363999993482,60,40,24,24
4,5,Brute Force,1,53.07368639681789,87.22459999989951,12721,1.0013903093739225,0,3,86.74210000026505,100.03209999922547,60,40,4,4
4,5,UCS,1,53.82842712474619,221.47489999770187,2069,1.0156307004669092,0,3,170.3769999985525,266.8846000015037,60,40,4,4
4,5,GBFS,1,53.82842712474619,3.59309999839752,54,1.0156307004669092,0,3,3.4813000020221807,4.123399998206878,60,40,4,4
4,5,A*,1,53.82842712474619,8.822200001304736,117,1.0156307004669092,0,3,8.165200000803452,9.089600000152132,60,40,4,4
4,5,RRT*,1,55.119743419613414,183.35669999942183,632,1.0399951588606304,0,3,180.46550000144634,201.93419999850448,60,40,4,4
8,5,Brute Force,1,53.07368639681789,96.40170000056969,12721,1.0013903093739225,0,3,93.65609999804292,111.52140000194777,60,40,8,8
8,5,UCS,1,53.82842712474619,275.6795000022976,2001,1.0156307004669092,0,3,242.17569999746047,284.86059999704594,60,40,8,8
8,5,GBFS,1,53.82842712474619,11.416099998314166,54,1.0156307004669092,0,3,10.005800002545584,16.063899998698616,60,40,8,8
8,5,A*,1,53.82842712474619,25.68760000212933,117,1.0156307004669092,0,3,22.130499997729203,26.09660000234726,60,40,8,8
8,5,RRT*,1,55.119743419613414,259.93949999974575,613,1.0399951588606304,0,3,236.49879999720724,291.20029999830876,60,40,8,8
12,5,Brute Force,1,53.07368639681789,89.62210000026971,12721,1.0013903093739225,0,3,84.31049999853713,97.01900000072783,60,40,12,12
12,5,UCS,1,53.82842712474619,339.11600000283215,1945,1.0156307004669092,0,3,322.32460000159335,347.9939999997441,60,40,12,12
12,5,GBFS,1,53.82842712474619,10.249899998598266,54,1.0156307004669092,0,3,10.214699999778531,11.883799998031463,60,40,12,12
12,5,A*,1,53.82842712474619,20.162900000286754,117,1.0156307004669092,0,3,18.379199998889817,20.803800001885975,60,40,12,12
12,5,RRT*,1,55.119743419613414,344.7091999987606,603,1.0399951588606304,0,3,313.1489000006695,434.27129999690806,60,40,12,12
16,5,Brute Force,1,53.02209345932116,93.69959999821731,12721,1.0004168577230408,0,3,92.4537999999302,107.37969999900088,60,40,16,16
16,5,UCS,1,53.82842712474619,429.97740000282647,1863,1.0156307004669092,0,3,404.4651000003796,635.3769000015745,60,40,16,16
16,5,GBFS,1,53.82842712474619,24.16079999966314,54,1.0156307004669092,0,3,19.68459999989136,30.944399997679284,60,40,16,16
16,5,A*,1,53.82842712474619,38.15030000259867,117,1.0156307004669092,0,3,37.67150000203401,39.53420000107144,60,40,16,16
16,5,RRT*,1,54.955921032632205,367.2874999974738,570,1.0369041704270228,0,3,340.8780999998271,422.93009999775677,60,40,16,16
20,5,Brute Force,1,53.02209345932116,108.38760000115144,12721,1.0004168577230408,0,3,97.42049999840674,111.64559999815538,60,40,20,20
20,5,UCS,1,53.82842712474619,509.8629999993136,1829,1.0156307004669092,0,3,465.30469999925117,647.389399997337,60,40,20,20
20,5,GBFS,1,53.82842712474619,15.989700001227902,54,1.0156307004669092,0,3,15.115099999093218,17.458199999964563,60,40,20,20
20,5,A*,1,53.82842712474619,29.77449999889359,117,1.0156307004669092,0,3,27.246599998761667,34.70549999838113,60,40,20,20
20,5,RRT*,1,54.955921032632205,466.16829999766196,563,1.0369041704270228,0,3,404.17170000000624,498.0646000003617,60,40,20,20
24,5,Brute Force,1,53.02209345932116,116.0626000018965,12721,1.0004168577230408,0,3,111.62359999798355,129.72430000081658,60,40,24,24
24,5,UCS,1,53.82842712474619,502.1116999996593,1764,1.0156307004669092,0,3,501.8658000008145,522.011900000507,60,40,24,24
24,5,GBFS,1,53.82842712474619,19.565200000215555,54,1.0156307004669092,0,3,15.505200000916375,20.944799998687813,60,40,24,24
24,5,A*,1,53.82842712474619,37.87989999909769,117,1.0156307004669092,0,3,34.17460000127903,37.998800002242206,60,40,24,24
24,5,RRT*,1,54.955921032632205,472.7335999996285,552,1.0369041704270228,0,3,439.5635999972001,483.1515000005311,60,40,24,24
4,6,Brute Force,1,53.0,95.47480000037467,12721,1.0,0,3,93.77500000118744,98.00900000118418,60,40,4,4
4,6,UCS,1,53.0,153.69730000020354,1988,1.0,0,3,149.05709999948158,173.06660000031115,60,40,4,4
4,6,GBFS,1,53.0,4.012900000816444,54,1.0,0,3,4.012099998362828,4.147999999986496,60,40,4,4
4,6,A*,1,53.0,5.216500001552049,54,1.0,0,3,4.11069999972824,6.122599999798695,60,40,4,4
4,6,RRT*,1,55.796888046909366,323.5028999988572,625,1.0527714725831956,0,3,321.3255000009667,345.01970000201254,60,40,4,4
8,6,Brute Force,1,53.0,126.78550000055111,12721,1.0,0,3,120.74120000033872,158.46040000178618,60,40,8,8
8,6,UCS,1,53.0,243.0104000013671,1903,1.0,0,3,232.08720000184258,256.2178000007407,60,40,8,8
8,6,GBFS,1,53.0,7.806999998138053,54,1.0,0,3,6.160900000395486,8.289699999295408,60,40,8,8
8,6,A*,1,53.0,8.313800000905758,54,1.0,0,3,5.399900001066271,10.01909999831696,60,40,8,8
8,6,RRT*,1,56.0413411696275,228.94649999943795,605,1.0573837956533492,0,3,227.2296000010101,229.24960000091232,60,40,8,8
12,6,Brute Force,1,53.19328747745907,107.0651000009093,12721,1.0036469335369635,0,3,104.09440000148606,115.64189999990049,60,40,12,12
12,6,UCS,1,53.82842712474619,311.16209999891,1896,1.0156307004669092,0,3,307.4211999992258,315.4629000018758,60,40,12,12
12,6,GBFS,1,53.82842712474619,13.444000000163214,54,1.0156307004669092,0,3,10.99880000037956,13.850299998011906,60,40,12,12
12,6,A*,1,53.82842712474619,24.29150000170921,145,1.0156307004669092,0,3,22.762099997635232,25.963800002500648,60,40,12,12
12,6,RRT*,1,60.88452945154047,235.64180000175838,562,1.148764706632839,0,3,225.59589999946184,242.7139999999781,60,40,12,12
16,6,Brute Force,1,53.19328747745907,120.65280000024359,12721,1.0036469335369635,0,3,120.33710000105202,122.40469999960624,60,40,16,16
16,6,UCS,1,53.82842712474619,394.32440000018687,1824,1.0156307004669092,0,3,368.42890000116313,395.1822000017273,60,40,16,16
16,6,GBFS,1,53.82842712474619,12.582300001668045,54,1.0156307004669092,0,3,11.743099999875994,13.7207000007038,60,40,16,16
16,6,A*,1,53.82842712474619,29.468699998687953,145,1.0156307004669092,0,3,27.331299999787007,32.62389999872539,60,40,16,16
16,6,RRT*,1,62.59805949131087,326.1506000017107,553,1.181095462100205,0,3,313.92890000279294,351.6750000017055,60,40,16,16
20,6,Brute Force,1,53.19328747745907,132.94029999815393,12721,1.0036469335369635,0,3,129.8339000022679,147.0392000010179,60,40,20,20
20,6,UCS,1,53.82842712474619,741.3321000021824,1717,1.0156307004669092,0,3,478.3132000011392,804.4640000007348,60,40,20,20
20,6,GBFS,1,53.82842712474619,14.030999998794869,54,1.0156307004669092,0,3,12.422600000718376,16.691400000127032,60,40,20,20
20,6,A*,1,53.82842712474619,35.028300000703894,145,1.0156307004669092,0,3,34.987099999852944,38.0384000018239,60,40,20,20
20,6,RRT*,1,62.59805949131087,364.54519999824697,539,1.181095462100205,0,3,353.62959999838495,367.8992000022845,60,40,20,20
24,6,Brute Force,1,53.19328747745907,215.8629999976256,12721,1.0036469335369635,0,3,204.42560000083176,238.22740000105114,60,40,24,24
24,6,UCS,1,53.82842712474619,542.5429999995686,1656,1.0156307004669092,0,3,465.0148000000627,577.2149000003992,60,40,24,24
24,6,GBFS,1,53.82842712474619,20.93539999987115,54,1.0156307004669092,0,3,20.10339999833377,22.71640000253683,60,40,24,24
24,6,A*,1,53.82842712474619,43.10350000014296,143,1.0156307004669092,0,3,42.685799999162555,49.56229999879724,60,40,24,24
24,6,RRT*,1,62.59805949131087,412.78269999747863,522,1.181095462100205,0,3,370.9460999998555,639.1435999976238,60,40,24,24
4,7,Brute Force,1,54.77852244648677,56.66930000006687,12721,1.0335570272922032,0,3,56.34809999901336,58.871700002782745,60,40,4,4
4,7,UCS,1,55.48528137423857,154.33430000121007,2120,1.0468921014007277,0,3,148.20630000031088,154.42779999648337,60,40,4,4
4,7,GBFS,1,57.14213562373095,3.9208000016515143,57,1.0781535023345463,0,3,3.8004999987606425,4.072300002007978,60,40,4,4
4,7,A*,1,55.48528137423857,26.07470000293688,334,1.0468921014007277,0,3,25.183199999446515,28.088100003515137,60,40,4,4
4,7,RRT*,1,55.15299037519992,282.83489999739686,631,1.0406224599094325,0,3,205.80649999828893,303.1923000016832,60,40,4,4
8,7,Brute Force,0,nan,46.165100000507664,12721,nan,0,3,43.82729999997537,48.50380000061705,60,40,8,8
8,7,UCS,1,57.14213562373095,248.5737999995763,2114,1.0781535023345463,0,3,246.26709999938612,252.58409999878495,60,40,8,8
8,7,GBFS,1,57.97056274847714,5.825100000947714,57,1.0937842028014555,0,3,5.6134999977075495,6.746200000634417,60,40,8,8
8,7,A*,1,57.14213562373095,65.25590000092052,613,1.0781535023345463,0,3,61.3164999995206,67.03579999884823,60,40,8,8
8,7,RRT*,1,56.885143316937736,206.6384999998263,615,1.0733045908856176,0,3,206.54339999964577,207.4432000008528,60,40,8,8
12,7,Brute Force,0,nan,41.01290000107838,12721,nan,0,3,38.59590000138269,42.38120000081835,60,40,12,12
12,7,UCS,1,57.14213562373095,304.0696000025491,2025,1.0781535023345463,0,3,289.3810999994457,360.39030000029015,60,40,12,12
12,7,GBFS,1,58.798989873223334,7.470200001989724,57,1.109414903268365,0,3,6.825699998444179,7.714800001849653,60,40,12,12
12,7,A*,1,57.14213562373095,71.03809999898658,477,1.0781535023345463,0,3,67.38000000041211,72.49799999772222,60,40,12,12
12,7,RRT*,1,56.885143316937736,260.7614000007743,595,1.0733045908856176,0,3,255.35479999962263,261.49900000018533,60,40,12,12
16,7,Brute Force,0,nan,41.76759999973001,12721,nan,0,3,40.77560000223457,42.55469999770867,60,40,16,16
16,7,UCS,1,57.14213562373095,364.21559999871533,1965,1.0781535023345463,0,3,356.77059999943594,439.42410000090604,60,40,16,16
16,7,GBFS,1,58.798989873223334,9.67300000047544,57,1.109414903268365,0,3,9.412600000359816,9.829400001763133,60,40,16,16
16,7,A*,1,57.14213562373095,86.53430000049411,477,1.0781535023345463,0,3,84.45230000143056,97.99249999923632,60,40,16,16
16,7,RRT*,1,56.8096871662241,313.27990000136197,578,1.0718808899287566,0,3,302.3291999998037,436.8928000003507,60,40,16,16
20,7,Brute Force,0,nan,78.30079999985173,12721,nan,0,3,74.22560000122758,89.18560000165598,60,40,20,20
20,7,UCS,1,57.14213562373095,480.2228999978979,1919,1.0781535023345463,0,3,461.3740000022517,511.7525999994541,60,40,20,20
20,7,GBFS,1,61.2842712474619,11.95240000015474,58,1.1563070046690924,0,3,11.48549999925308,12.440700000297511,60,40,20,20
20,7,A*,1,57.14213562373095,90.63099999912083,427,1.0781535023345463,0,3,89.60189999925205,92.73059999759425,60,40,20,20
20,7,RRT*,1,59.02854451695201,379.61820000055013,561,1.1137461229613588,0,3,379.1464999994787,521.1817999988853,60,40,20,20
24,7,Brute Force,0,nan,47.36640000191983,12721,nan,0,3,42.87580000163871,49.701899999490706,60,40,24,24
24,7,UCS,1,58.798989873223334,501.0852999985218,1821,1.109414903268365,0,3,471.0075000002689,664.3048000005365,60,40,24,24
24,7,GBFS,1,61.2842712474619,18.25950000056764,58,1.1563070046690924,0,3,14.016799999808427,20.015000001876615,60,40,24,24
24,7,A*,1,58.798989873223334,125.83710000035353,468,1.109414903268365,0,3,120.14910000289092,136.7826999994577,60,40,24,24
24,7,RRT*,1,67.69167524379597,326.38240000233054,511,1.2772014196942636,0,3,325.59170000240556,364.41060000288417,60,40,24,24
4,8,Brute Force,1,53.318530032298604,69.38040000022738,12721,1.0060100006094077,0,3,69.07560000036028,70.13310000183992,60,40,4,4
4,8,UCS,1,55.48528137423857,143.65969999926165,2111,1.0468921014007277,0,3,141.70349999767495,144.09359999990556,60,40,4,4
4,8,GBFS,1,56.31370849898476,3.736800001206575,54,1.062522801867637,0,3,3.324500001326669,3.847800002404256,60,40,4,4
4,8,A*,1,55.48528137423857,24.844700001267483,346,1.0468921014007277,0,3,24.10020000024815,25.982000002841232,60,40,4,4
4,8,RRT*,1,56.131979773748824,182.20329999894602,634,1.0590939579952607,0,3,173.34370000025956,206.1360000006971,60,40,4,4
8,8,Brute Force,1,53.318530032298604,77.33310000185156,12721,1.0060100006094077,0,3,68.46610000138753,83.65799999955925,60,40,8,8
8,8,UCS,1,55.48528137423857,242.36259999815957,2043,1.0468921014007277,0,3,221.90839999893797,245.27510000189068,60,40,8,8
8,8,GBFS,1,56.31370849898476,5.298199997923803,54,1.062522801867637,0,3,5.151900000782916,5.6665999982215,60,40,8,8
8,8,A*,1,55.48528137423857,37.31999999945401,346,1.0468921014007277,0,3,36.7865999978676,37.69060000195168,60,40,8,8
8,8,RRT*,1,56.170804714565506,231.48720000244793,618,1.0598265040484058,0,3,208.40510000198265,240.31669999749283,60,40,8,8
12,8,Brute Force,1,53.318530032298604,86.8229000006977,12721,1.0060100006094077,0,3,76.90809999985504,88.02920000016456,60,40,12,12
12,8,UCS,1,55.48528137423857,293.5498999977426,1972,1.0468921014007277,0,3,291.9345999980578,310.06799999886425,60,40,12,12
12,8,GBFS,1,56.31370849898476,7.257400000526104,54,1.062522801867637,0,3,7.02149999779067,7.3591999971540645,60,40,12,12
12,8,A*,1,55.48528137423857,50.51610000009532,333,1.0468921014007277,0,3,47.510000000329455,50.73620000257506,60,40,12,12
12,8,RRT*,1,56.170804714565506,293.6479000018153,599,1.0598265040484058,0,3,256.99980000354117,321.63819999914267,60,40,12,12
16,8,Brute Force,0,nan,76.05809999949997,12721,nan,0,3,75.35039999856963,77.38289999906556,60,40,16,16
16,8,UCS,1,57.97056274847714,406.7638000014995,1982,1.0937842028014555,0,3,403.9251000031072,419.71879999982775,60,40,16,16
16,8,GBFS,1,66.21320343559643,11.812700002337806,68,1.2493057251999327,0,3,11.316799998894567,12.477000000217231,60,40,16,16
16,8,A*,1,57.97056274847714,97.51730000061798,543,1.0937842028014555,0,3,97.50400000120862,102.04779999912716,60,40,16,16
16,8,RRT*,1,56.99504650813306,304.1406999982428,585,1.0753782360025106,0,3,299.68469999948866,320.44040000255336,60,40,16,16
20,8,Brute Force,0,nan,71.59750000209897,12721,nan,0,3,71.03180000194698,71.73950000287732,60,40,20,20
20,8,UCS,1,57.97056274847714,436.0272999983863,1915,1.0937842028014555,0,3,428.40029999933904,439.7218000012799,60,40,20,20
20,8,GBFS,1,66.21320343559643,14.048000000911998,68,1.2493057251999327,0,3,13.224300000729272,14.3595000008645,60,40,20,20
20,8,A*,1,57.97056274847714,107.75569999896106,491,1.0937842028014555,0,3,106.35510000065551,110.22930000035558,60,40,20,20
20,8,RRT*,1,57.70740194212888,341.4761999993061,564,1.0888189045684695,0,3,331.85539999976754,341.7546999990009,60,40,20,20
24,8,Brute Force,0,nan,68.76090000150725,12721,nan,0,3,68.69390000065323,68.85340000008,60,40,24,24
24,8,UCS,1,57.97056274847714,492.51659999936237,1845,1.0937842028014555,0,3,466.06620000238763,511.0394000002998,60,40,24,24
24,8,GBFS,1,60.798989873223334,14.241500000935048,57,1.1471507523249687,0,3,13.183699997171061,14.267900001868838,60,40,24,24
24,8,A*,1,57.97056274847714,121.5492000010272,477,1.0937842028014555,0,3,121.26010000065435,125.76550000085263,60,40,24,24
24,8,RRT*,1,57.70740194212888,364.2365999985486,532,1.0888189045684695,0,3,361.33869999684975,372.4168999979156,60,40,24,24
4,9,Brute Force,1,53.0,94.63329999925918,12721,1.0,0,3,86.45239999896148,94.80700000131037,60,40,4,4
4,9,UCS,1,53.0,137.20800000010058,2007,1.0,0,3,135.05960000111372,140.1633999994374,60,40,4,4
4,9,GBFS,1,53.0,3.7129000011191238,54,1.0,0,3,3.5203999977966305,4.117799999221461,60,40,4,4
4,9,A*,1,53.0,3.5821999990730546,54,1.0,0,3,3.569599997717887,3.633500000432832,60,40,4,4
4,9,RRT*,1,59.09225199442225,147.88399999815738,628,1.1149481508381556,0,3,144.97140000094078,154.56819999963045,60,40,4,4
8,9,Brute Force,1,53.323846714041224,90.10359999956563,12721,1.0061103153592683,0,3,87.12519999971846,90.91009999974631,60,40,8,8
8,9,UCS,1,57.97056274847714,226.84599999774946,2100,1.0937842028014555,0,3,219.11479999835137,244.56289999943692,60,40,8,8
8,9,GBFS,1,59.72792206135786,6.86870000208728,65,1.1269419256859974,0,3,6.401300001016352,7.552800001576543,60,40,8,8
8,9,A*,1,57.97056274847714,76.0015999985626,675,1.0937842028014555,0,3,73.68639999913285,76.02640000186511,60,40,8,8
8,9,RRT*,1,64.23437304113294,159.40989999944577,566,1.2119693026628857,0,3,157.17709999807994,159.70369999922696,60,40,8,8
12,9,Brute Force,1,53.71039328258183,74.23579999885987,12721,1.0134036468411667,0,3,70.97620000058669,75.2159000003303,60,40,12,12
12,9,UCS,1,57.97056274847714,307.12839999978314,2030,1.0937842028014555,0,3,299.1479000011168,312.02550000307383,60,40,12,12
12,9,GBFS,1,61.384776310850235,9.202599998388905,66,1.1582033266198157,0,3,9.178899999824353,9.937600003468106,60,40,12,12
12,9,A*,1,57.97056274847714,103.23210000206018,652,1.0937842028014555,0,3,97.03760000047623,115.6353999977,60,40,12,12
12,9,RRT*,1,56.52199353382657,219.1235999998753,571,1.066452708185407,0,3,216.10109999892302,229.52669999722275,60,40,12,12
16,9,Brute Force,0,nan,49.75719999856665,12721,nan,0,3,48.87320000125328,53.18030000125873,60,40,16,16
16,9,UCS,1,57.97056274847714,359.3074999989767,1965,1.0937842028014555,0,3,339.88120000140043,360.60639999777777,60,40,16,16
16,9,GBFS,1,61.384776310850235,11.609799999860115,66,1.1582033266198157,0,3,11.057899999286747,11.911699999473058,60,40,16,16
16,9,A*,1,57.97056274847714,107.19199999948614,582,1.0937842028014555,0,3,105.62260000006063,107.62189999877592,60,40,16,16
16,9,RRT*,1,56.52199353382657,248.51230000058422,559,1.066452708185407,0,3,245.3765000027488,254.880200001935,60,40,16,16
20,9,Brute Force,0,nan,53.46090000239201,12721,nan,0,3,50.176400000054855,54.66850000084378,60,40,20,20
20,9,UCS,1,57.97056274847714,410.4667999999947,1871,1.0937842028014555,0,3,402.5712000002386,420.8260000013979,60,40,20,20
20,9,GBFS,1,61.384776310850235,13.014000000111992,66,1.1582033266198157,0,3,12.837100002798252,14.194300001690863,60,40,20,20
20,9,A*,1,57.97056274847714,112.04179999913322,520,1.0937842028014555,0,3,110.7942999988154,113.56289999821456,60,40,20,20
20,9,RRT*,1,56.52199353382657,264.224299997295,535,1.066452708185407,0,3,261.9144000018423,280.1627999979246,60,40,20,20
24,9,Brute Force,0,nan,52.037299999938114,12721,nan,0,3,50.599999998667045,53.183700001682155,60,40,24,24
24,9,UCS,1,57.97056274847714,505.8314000016253,1848,1.0937842028014555,0,3,474.15129999717465,523.4008999977959,60,40,24,24
24,9,GBFS,1,61.384776310850235,16.783299997769063,65,1.1582033266198157,0,3,15.377100000478094,17.701200002193218,60,40,24,24
24,9,A*,1,57.97056274847714,130.78649999806657,505,1.0937842028014555,0,3,130.1077999996778,143.46840000143857,60,40,24,24
24,9,RRT*,1,62.630381870235304,306.81489999915357,505,1.1817053183063264,0,3,296.85349999999744,316.274799999519,60,40,24,24
